[{"model": "sessions.session", "pk": "vqt6kmjrog5tlqf2kij2ka7lphfmjjxq", "fields": {"session_data": ".eJxVjMsOwiAUBf-FtSGFUiAu3fsN5HIfUjWQlHZl_Hdt0oVuz8ycl0qwrSVtnZc0kzoro06_WwZ8cN0B3aHemsZW12XOelf0Qbu-NuLn5XD_Dgr08q1djOQsAuFgGcATYxAvTgYrk_XTaEAgZCFwmYkCSQjGM0RncLRk1fsDGIQ5SA:1wHsvE:wxy9G0rRAh_XYrKPOtDJsE_eZ9rkyXNmzidZDA_r9fY", "expire_date": "2026-05-13T00:37:00.712Z"}}, {"model": "accounts.user", "pk": 1, "fields": {"password": "pbkdf2_sha256$1000000$L629GzDdzQslbFOFrbQCC8$AhdgGDDmfr7FtTtN9curY2jNapNn8QesDVh8StUE7Ac=", "last_login": "2026-04-29T00:37:00.704Z", "is_superuser": true, "username": "admin@gym.sheet", "first_name": "", "last_name": "", "is_staff": true, "is_active": true, "date_joined": "2026-04-29T00:31:22.452Z", "email": "admin@gym.sheet", "name": "Admin", "profile_pic_url": "", "gender": "female", "is_approved": true, "auth_mode": "password", "pin_hash": "", "leaderboard_message": "", "leaderboard_message_approved": false, "leaderboard_message_week": null, "is_test_user": true, "groups": [], "user_permissions": []}}, {"model": "accounts.user", "pk": 2, "fields": {"password": "", "last_login": null, "is_superuser": false, "username": "dummy@gym.sheet", "first_name": "", "last_name": "", "is_staff": false, "is_active": true, "date_joined": "2026-04-29T00:31:22.884Z", "email": "dummy@gym.sheet", "name": "Dummy", "profile_pic_url": "https://api.dicebear.com/8.x/thumbs/svg?seed=Dummy", "gender": "female", "is_approved": true, "auth_mode": "pin", "pin_hash": "pbkdf2_sha256$1000000$GAtc38dvPfSzc9uv9kYkdS$xq81z0L4Kwmwlr9o6mooVSQA5LHuoX1LKoxGHLy+YBs=", "leaderboard_message": "", "leaderboard_message_approved": false, "leaderboard_message_week": null, "is_test_user": false, "groups": [], "user_permissions": []}}, {"model": "accounts.user", "pk": 3, "fields": {"password": "", "last_login": null, "is_superuser": false, "username": "omare@gym.sheet", "first_name": "", "last_name": "", "is_staff": false, "is_active": true, "date_joined": "2026-04-29T00:31:23.325Z", "email": "omare@gym.sheet", "name": "Omar E", "profile_pic_url": "https://api.dicebear.com/8.x/thumbs/svg?seed=Omar", "gender": "male", "is_approved": true, "auth_mode": "pin", "pin_hash": "pbkdf2_sha256$1000000$0Hu6QvHzhdYkQt2qHMRyzS$/rVYMkOVvEAsauO7MqatWBWfo9+qAMySfWtGd6eKNAs=", "leaderboard_message": "", "leaderboard_message_approved": false, "leaderboard_message_week": null, "is_test_user": false, "groups": [], "user_permissions": []}}, {"model": "accounts.user", "pk": 4, "fields": {"password": "", "last_login": null, "is_superuser": false, "username": "copito@gym.sheet", "first_name": "", "last_name": "", "is_staff": false, "is_active": true, "date_joined": "2026-04-29T00:31:23.732Z", "email": "copito@gym.sheet", "name": "Copito", "profile_pic_url": "https://api.dicebear.com/8.x/thumbs/svg?seed=Copito", "gender": "male", "is_approved": true, "auth_mode": "pin", "pin_hash": "pbkdf2_sha256$1000000$vBP1MlEdbxAhf0xcVaPuWZ$4CwpQGIqLyzrnWUT9mcc2omVaIpKvt65rZKqnWYsLW0=", "leaderboard_message": "", "leaderboard_message_approved": false, "leaderboard_message_week": null, "is_test_user": false, "groups": [], "user_permissions": []}}, {"model": "accounts.user", "pk": 5, "fields": {"password": "", "last_login": null, "is_superuser": false, "username": "josema@gym.sheet", "first_name": "", "last_name": "", "is_staff": false, "is_active": true, "date_joined": "2026-04-29T00:31:24.155Z", "email": "josema@gym.sheet", "name": "Josema", "profile_pic_url": "https://api.dicebear.com/8.x/thumbs/svg?seed=Josema", "gender": "male", "is_approved": true, "auth_mode": "pin", "pin_hash": "pbkdf2_sha256$1000000$PlJqmI1AmZFqkw2gfsKLFM$/QCVOJNVB9llMzwl9cPAZ3ZXYSN+NDFDpteuA5MbOdg=", "leaderboard_message": "", "leaderboard_message_approved": false, "leaderboard_message_week": null, "is_test_user": false, "groups": [], "user_permissions": []}}, {"model": "accounts.user", "pk": 6, "fields": {"password": "!QHvkXZ6TdknlXwmEjlGRJ77XNHyfIR9LgXu2ss8F", "last_login": null, "is_superuser": false, "username": "test_bc909c@gym.sheet", "first_name": "", "last_name": "", "is_staff": false, "is_active": true, "date_joined": "2026-04-29T04:31:34.258Z", "email": "test_bc909c@gym.sheet", "name": "Test User bc909c", "profile_pic_url": "", "gender": "", "is_approved": true, "auth_mode": "pin", "pin_hash": "", "leaderboard_message": "", "leaderboard_message_approved": false, "leaderboard_message_week": null, "is_test_user": true, "groups": [], "user_permissions": []}}, {"model": "accounts.userpreference", "pk": 1, "fields": {"user": 1, "theme": "dark", "language": "en", "goals_paused": false, "font_size": "medium", "height_cm": null, "weight_kg": null}}, {"model": "accounts.userpreference", "pk": 2, "fields": {"user": 2, "theme": "light", "language": "en", "goals_paused": false, "font_size": "medium", "height_cm": null, "weight_kg": null}}, {"model": "accounts.userpreference", "pk": 3, "fields": {"user": 3, "theme": "light", "language": "en", "goals_paused": false, "font_size": "medium", "height_cm": 178, "weight_kg": "70.00"}}, {"model": "accounts.userpreference", "pk": 4, "fields": {"user": 4, "theme": "dark", "language": "en", "goals_paused": false, "font_size": "medium", "height_cm": null, "weight_kg": null}}, {"model": "accounts.userpreference", "pk": 5, "fields": {"user": 5, "theme": "dark", "language": "en", "goals_paused": false, "font_size": "medium", "height_cm": null, "weight_kg": null}}, {"model": "accounts.userpreference", "pk": 6, "fields": {"user": 6, "theme": "dark", "language": "en", "goals_paused": false, "font_size": "medium", "height_cm": null, "weight_kg": null}}, {"model": "fitness.exercise", "pk": 1, "fields": {"name": "Dumbbell Shoulder Press", "youtube_url": "https://www.youtube.com/watch?v=qEwKCR5JCog", "category": "shoulder", "created_by": 1, "is_public": true, "is_time_based": false, "created_at": "2026-04-29T00:31:24.580Z"}}, {"model": "fitness.exercise", "pk": 2, "fields": {"name": "Back Squat", "youtube_url": "https://www.youtube.com/watch?v=ultWZbUMPL8", "category": "legs", "created_by": 1, "is_public": true, "is_time_based": false, "created_at": "2026-04-29T00:31:24.591Z"}}, {"model": "fitness.exercise", "pk": 3, "fields": {"name": "Bench Press", "youtube_url": "https://www.youtube.com/watch?v=gRVjAtPip0Y", "category": "chest", "created_by": 1, "is_public": true, "is_time_based": false, "created_at": "2026-04-29T00:31:24.598Z"}}, {"model": "fitness.exercise", "pk": 4, "fields": {"name": "Lat Pulldown", "youtube_url": "https://www.youtube.com/watch?v=CAwf7n6Luuc", "category": "back", "created_by": 1, "is_public": true, "is_time_based": false, "created_at": "2026-04-29T00:31:24.604Z"}}, {"model": "fitness.exercise", "pk": 5, "fields": {"name": "Biceps Curl", "youtube_url": "https://www.youtube.com/watch?v=ykJmrZ5v0Oo", "category": "arms", "created_by": 1, "is_public": true, "is_time_based": false, "created_at": "2026-04-29T00:31:24.614Z"}}, {"model": "fitness.exercise", "pk": 6, "fields": {"name": "Plank", "youtube_url": "https://www.youtube.com/watch?v=pSHjTRCQxIw", "category": "other", "created_by": 1, "is_public": true, "is_time_based": true, "created_at": "2026-04-29T00:31:24.621Z"}}, {"model": "fitness.exercise", "pk": 7, "fields": {"name": "Calf raises", "youtube_url": "", "category": "legs", "created_by": 1, "is_public": true, "is_time_based": false, "created_at": "2026-04-29T01:34:12.596Z"}}, {"model": "fitness.exercise", "pk": 8, "fields": {"name": "Leg press", "youtube_url": "", "category": "legs", "created_by": 1, "is_public": true, "is_time_based": false, "created_at": "2026-04-29T01:34:12.599Z"}}, {"model": "fitness.exercise", "pk": 9, "fields": {"name": "Leg extensions", "youtube_url": "", "category": "legs", "created_by": 1, "is_public": true, "is_time_based": false, "created_at": "2026-04-29T01:34:12.604Z"}}, {"model": "fitness.exercise", "pk": 10, "fields": {"name": "Abductors (open)", "youtube_url": "", "category": "legs", "created_by": 1, "is_public": true, "is_time_based": false, "created_at": "2026-04-29T01:34:12.608Z"}}, {"model": "fitness.exercise", "pk": 11, "fields": {"name": "Abductors (closed)", "youtube_url": "", "category": "legs", "created_by": 1, "is_public": true, "is_time_based": false, "created_at": "2026-04-29T01:34:12.613Z"}}, {"model": "fitness.exercise", "pk": 12, "fields": {"name": "Lying Leg curls", "youtube_url": "", "category": "legs", "created_by": 1, "is_public": true, "is_time_based": false, "created_at": "2026-04-29T01:34:12.618Z"}}, {"model": "fitness.exercise", "pk": 13, "fields": {"name": "Deadlift", "youtube_url": "", "category": "legs", "created_by": 1, "is_public": true, "is_time_based": false, "created_at": "2026-04-29T01:34:12.622Z"}}, {"model": "fitness.exercise", "pk": 14, "fields": {"name": "Hip thrusts", "youtube_url": "", "category": "legs", "created_by": 1, "is_public": true, "is_time_based": false, "created_at": "2026-04-29T01:34:12.628Z"}}, {"model": "fitness.exercise", "pk": 15, "fields": {"name": "Squats", "youtube_url": "", "category": "legs", "created_by": 1, "is_public": true, "is_time_based": false, "created_at": "2026-04-29T01:34:12.634Z"}}, {"model": "fitness.exercise", "pk": 16, "fields": {"name": "Flat benchpress", "youtube_url": "", "category": "chest", "created_by": 1, "is_public": true, "is_time_based": false, "created_at": "2026-04-29T01:34:12.637Z"}}, {"model": "fitness.exercise", "pk": 17, "fields": {"name": "Inclined benchpress", "youtube_url": "", "category": "chest", "created_by": 1, "is_public": true, "is_time_based": false, "created_at": "2026-04-29T01:34:12.641Z"}}, {"model": "fitness.exercise", "pk": 18, "fields": {"name": "Seated chestpress", "youtube_url": "", "category": "chest", "created_by": 1, "is_public": true, "is_time_based": false, "created_at": "2026-04-29T01:34:12.646Z"}}, {"model": "fitness.exercise", "pk": 19, "fields": {"name": "Seated butterflies", "youtube_url": "", "category": "chest", "created_by": 1, "is_public": true, "is_time_based": false, "created_at": "2026-04-29T01:34:12.651Z"}}, {"model": "fitness.exercise", "pk": 20, "fields": {"name": "Dumbbell butterflies", "youtube_url": "", "category": "chest", "created_by": 1, "is_public": true, "is_time_based": false, "created_at": "2026-04-29T01:34:12.654Z"}}, {"model": "fitness.exercise", "pk": 21, "fields": {"name": "Dumbbell benchpress", "youtube_url": "", "category": "chest", "created_by": 1, "is_public": true, "is_time_based": false, "created_at": "2026-04-29T01:34:12.659Z"}}, {"model": "fitness.exercise", "pk": 22, "fields": {"name": "Shrugs", "youtube_url": "", "category": "shoulder", "created_by": 1, "is_public": true, "is_time_based": false, "created_at": "2026-04-29T01:34:12.663Z"}}, {"model": "fitness.exercise", "pk": 23, "fields": {"name": "Upright barbell row", "youtube_url": "", "category": "shoulder", "created_by": 1, "is_public": true, "is_time_based": false, "created_at": "2026-04-29T01:34:12.666Z"}}, {"model": "fitness.exercise", "pk": 24, "fields": {"name": "Lateral raise", "youtube_url": "", "category": "shoulder", "created_by": 1, "is_public": true, "is_time_based": false, "created_at": "2026-04-29T01:34:12.671Z"}}, {"model": "fitness.exercise", "pk": 25, "fields": {"name": "Arnold press", "youtube_url": "", "category": "shoulder", "created_by": 1, "is_public": true, "is_time_based": false, "created_at": "2026-04-29T01:34:12.674Z"}}, {"model": "fitness.exercise", "pk": 26, "fields": {"name": "Shoulder press", "youtube_url": "", "category": "shoulder", "created_by": 1, "is_public": true, "is_time_based": false, "created_at": "2026-04-29T01:34:12.679Z"}}, {"model": "fitness.exercise", "pk": 27, "fields": {"name": "Pull ups", "youtube_url": "", "category": "back", "created_by": 1, "is_public": true, "is_time_based": false, "created_at": "2026-04-29T01:34:12.682Z"}}, {"model": "fitness.exercise", "pk": 28, "fields": {"name": "Machine row", "youtube_url": "", "category": "back", "created_by": 1, "is_public": true, "is_time_based": false, "created_at": "2026-04-29T01:34:12.685Z"}}, {"model": "fitness.exercise", "pk": 29, "fields": {"name": "Grip pull (closed)", "youtube_url": "", "category": "back", "created_by": 1, "is_public": true, "is_time_based": false, "created_at": "2026-04-29T01:34:12.688Z"}}, {"model": "fitness.exercise", "pk": 30, "fields": {"name": "Chin ups", "youtube_url": "", "category": "back", "created_by": 1, "is_public": true, "is_time_based": false, "created_at": "2026-04-29T01:34:12.693Z"}}, {"model": "fitness.exercise", "pk": 31, "fields": {"name": "Grip pull (wide)", "youtube_url": "", "category": "back", "created_by": 1, "is_public": true, "is_time_based": false, "created_at": "2026-04-29T01:34:12.698Z"}}, {"model": "fitness.exercise", "pk": 32, "fields": {"name": "Cable row", "youtube_url": "", "category": "back", "created_by": 1, "is_public": true, "is_time_based": false, "created_at": "2026-04-29T01:34:12.705Z"}}, {"model": "fitness.exercise", "pk": 33, "fields": {"name": "Barbell rows", "youtube_url": "", "category": "back", "created_by": 1, "is_public": true, "is_time_based": false, "created_at": "2026-04-29T01:34:12.712Z"}}, {"model": "fitness.exercise", "pk": 34, "fields": {"name": "Hyper extensions", "youtube_url": "", "category": "back", "created_by": 1, "is_public": true, "is_time_based": false, "created_at": "2026-04-29T01:34:12.719Z"}}, {"model": "fitness.exercise", "pk": 35, "fields": {"name": "Wrist curls", "youtube_url": "", "category": "arms", "created_by": 1, "is_public": true, "is_time_based": false, "created_at": "2026-04-29T01:34:12.723Z"}}, {"model": "fitness.exercise", "pk": 36, "fields": {"name": "Reverse grip curl", "youtube_url": "", "category": "arms", "created_by": 1, "is_public": true, "is_time_based": false, "created_at": "2026-04-29T01:34:12.730Z"}}, {"model": "fitness.exercise", "pk": 37, "fields": {"name": "Bicep curls", "youtube_url": "", "category": "arms", "created_by": 1, "is_public": true, "is_time_based": false, "created_at": "2026-04-29T01:34:12.735Z"}}, {"model": "fitness.exercise", "pk": 38, "fields": {"name": "Preacher curls", "youtube_url": "", "category": "arms", "created_by": 1, "is_public": true, "is_time_based": false, "created_at": "2026-04-29T01:34:12.742Z"}}, {"model": "fitness.exercise", "pk": 39, "fields": {"name": "Dumbbell hammer", "youtube_url": "", "category": "arms", "created_by": 1, "is_public": true, "is_time_based": false, "created_at": "2026-04-29T01:34:12.750Z"}}, {"model": "fitness.exercise", "pk": 40, "fields": {"name": "Skull crusher", "youtube_url": "", "category": "arms", "created_by": 1, "is_public": true, "is_time_based": false, "created_at": "2026-04-29T01:34:12.754Z"}}, {"model": "fitness.exercise", "pk": 41, "fields": {"name": "Incline curl", "youtube_url": "", "category": "arms", "created_by": 1, "is_public": true, "is_time_based": false, "created_at": "2026-04-29T01:34:12.760Z"}}, {"model": "fitness.exercise", "pk": 42, "fields": {"name": "Cable pushdown", "youtube_url": "", "category": "arms", "created_by": 1, "is_public": true, "is_time_based": false, "created_at": "2026-04-29T01:34:12.766Z"}}, {"model": "fitness.exercise", "pk": 43, "fields": {"name": "Jogging", "youtube_url": "", "category": "other", "created_by": 1, "is_public": true, "is_time_based": true, "created_at": "2026-04-29T01:34:12.771Z"}}, {"model": "fitness.exercise", "pk": 44, "fields": {"name": "Situps", "youtube_url": "", "category": "other", "created_by": 1, "is_public": true, "is_time_based": false, "created_at": "2026-04-29T01:34:12.782Z"}}, {"model": "fitness.goalplan", "pk": 6, "fields": {"user": 3, "title": "Leg day Alpha", "start_date": "2026-04-27", "end_date": null, "repeat_type": "weekly", "weekdays": [0], "calories_target": 0, "is_paused": false, "created_at": "2026-04-29T03:36:08.378Z"}}, {"model": "fitness.goalplan", "pk": 7, "fields": {"user": 3, "title": "Leg day Beta", "start_date": "2026-04-30", "end_date": null, "repeat_type": "weekly", "weekdays": [3], "calories_target": 0, "is_paused": false, "created_at": "2026-04-29T03:38:43.045Z"}}, {"model": "fitness.goalplan", "pk": 8, "fields": {"user": 3, "title": "Chest day", "start_date": "2026-04-28", "end_date": null, "repeat_type": "weekly", "weekdays": [1], "calories_target": 0, "is_paused": false, "created_at": "2026-04-29T03:41:49.429Z"}}, {"model": "fitness.goalplan", "pk": 9, "fields": {"user": 3, "title": "Pull day", "start_date": "2026-04-29", "end_date": null, "repeat_type": "weekly", "weekdays": [2], "calories_target": 0, "is_paused": false, "created_at": "2026-04-29T03:48:32.870Z"}}, {"model": "fitness.goalplan", "pk": 10, "fields": {"user": 3, "title": "Shoulder day", "start_date": "2026-05-01", "end_date": null, "repeat_type": "weekly", "weekdays": [4], "calories_target": 0, "is_paused": false, "created_at": "2026-04-29T03:50:24.485Z"}}, {"model": "fitness.goalexercise", "pk": 16, "fields": {"goal_plan": 6, "exercise": 15, "sets": 4, "reps": 10, "duration": "", "order": 1, "notes": ""}}, {"model": "fitness.goalexercise", "pk": 17, "fields": {"goal_plan": 6, "exercise": 7, "sets": 4, "reps": 10, "duration": "", "order": 2, "notes": ""}}, {"model": "fitness.goalexercise", "pk": 18, "fields": {"goal_plan": 6, "exercise": 9, "sets": 4, "reps": 10, "duration": "", "order": 3, "notes": ""}}, {"model": "fitness.goalexercise", "pk": 19, "fields": {"goal_plan": 6, "exercise": 12, "sets": 4, "reps": 10, "duration": "", "order": 4, "notes": ""}}, {"model": "fitness.goalexercise", "pk": 20, "fields": {"goal_plan": 6, "exercise": 44, "sets": 4, "reps": 10, "duration": "", "order": 5, "notes": ""}}, {"model": "fitness.goalexercise", "pk": 21, "fields": {"goal_plan": 6, "exercise": 6, "sets": 4, "reps": 10, "duration": "", "order": 6, "notes": ""}}, {"model": "fitness.goalexercise", "pk": 22, "fields": {"goal_plan": 6, "exercise": 35, "sets": 4, "reps": 10, "duration": "", "order": 7, "notes": ""}}, {"model": "fitness.goalexercise", "pk": 23, "fields": {"goal_plan": 6, "exercise": 36, "sets": 4, "reps": 10, "duration": "", "order": 8, "notes": ""}}, {"model": "fitness.goalexercise", "pk": 40, "fields": {"goal_plan": 8, "exercise": 17, "sets": 4, "reps": 10, "duration": "", "order": 1, "notes": ""}}, {"model": "fitness.goalexercise", "pk": 41, "fields": {"goal_plan": 8, "exercise": 19, "sets": 4, "reps": 10, "duration": "", "order": 2, "notes": ""}}, {"model": "fitness.goalexercise", "pk": 42, "fields": {"goal_plan": 8, "exercise": 18, "sets": 4, "reps": 10, "duration": "", "order": 3, "notes": ""}}, {"model": "fitness.goalexercise", "pk": 43, "fields": {"goal_plan": 8, "exercise": 20, "sets": 4, "reps": 10, "duration": "", "order": 4, "notes": ""}}, {"model": "fitness.goalexercise", "pk": 44, "fields": {"goal_plan": 8, "exercise": 38, "sets": 4, "reps": 10, "duration": "", "order": 5, "notes": ""}}, {"model": "fitness.goalexercise", "pk": 45, "fields": {"goal_plan": 8, "exercise": 39, "sets": 4, "reps": 10, "duration": "", "order": 6, "notes": ""}}, {"model": "fitness.goalexercise", "pk": 46, "fields": {"goal_plan": 9, "exercise": 29, "sets": 4, "reps": 10, "duration": "", "order": 1, "notes": ""}}, {"model": "fitness.goalexercise", "pk": 47, "fields": {"goal_plan": 9, "exercise": 31, "sets": 4, "reps": 10, "duration": "", "order": 2, "notes": ""}}, {"model": "fitness.goalexercise", "pk": 48, "fields": {"goal_plan": 9, "exercise": 28, "sets": 4, "reps": 10, "duration": "", "order": 3, "notes": ""}}, {"model": "fitness.goalexercise", "pk": 49, "fields": {"goal_plan": 9, "exercise": 4, "sets": 4, "reps": 10, "duration": "", "order": 4, "notes": ""}}, {"model": "fitness.goalexercise", "pk": 50, "fields": {"goal_plan": 9, "exercise": 40, "sets": 4, "reps": 10, "duration": "", "order": 5, "notes": ""}}, {"model": "fitness.goalexercise", "pk": 51, "fields": {"goal_plan": 9, "exercise": 42, "sets": 4, "reps": 10, "duration": "", "order": 6, "notes": ""}}, {"model": "fitness.goalexercise", "pk": 58, "fields": {"goal_plan": 7, "exercise": 8, "sets": 4, "reps": 10, "duration": "", "order": 1, "notes": ""}}, {"model": "fitness.goalexercise", "pk": 59, "fields": {"goal_plan": 7, "exercise": 7, "sets": 4, "reps": 10, "duration": "", "order": 2, "notes": ""}}, {"model": "fitness.goalexercise", "pk": 60, "fields": {"goal_plan": 7, "exercise": 11, "sets": 4, "reps": 10, "duration": "", "order": 3, "notes": ""}}, {"model": "fitness.goalexercise", "pk": 61, "fields": {"goal_plan": 7, "exercise": 10, "sets": 4, "reps": 10, "duration": "", "order": 4, "notes": ""}}, {"model": "fitness.goalexercise", "pk": 62, "fields": {"goal_plan": 7, "exercise": 44, "sets": 4, "reps": 10, "duration": "", "order": 5, "notes": ""}}, {"model": "fitness.goalexercise", "pk": 63, "fields": {"goal_plan": 7, "exercise": 6, "sets": 4, "reps": 30, "duration": "", "order": 6, "notes": ""}}, {"model": "fitness.goalexercise", "pk": 64, "fields": {"goal_plan": 7, "exercise": 35, "sets": 4, "reps": 10, "duration": "", "order": 7, "notes": ""}}, {"model": "fitness.goalexercise", "pk": 65, "fields": {"goal_plan": 7, "exercise": 36, "sets": 4, "reps": 10, "duration": "", "order": 8, "notes": ""}}, {"model": "fitness.goalexercise", "pk": 66, "fields": {"goal_plan": 10, "exercise": 25, "sets": 4, "reps": 10, "duration": "", "order": 1, "notes": ""}}, {"model": "fitness.goalexercise", "pk": 67, "fields": {"goal_plan": 10, "exercise": 1, "sets": 4, "reps": 10, "duration": "", "order": 2, "notes": ""}}, {"model": "fitness.goalexercise", "pk": 68, "fields": {"goal_plan": 10, "exercise": 22, "sets": 4, "reps": 10, "duration": "", "order": 3, "notes": ""}}, {"model": "fitness.goalexercise", "pk": 69, "fields": {"goal_plan": 10, "exercise": 24, "sets": 4, "reps": 10, "duration": "", "order": 4, "notes": ""}}, {"model": "fitness.goalexercise", "pk": 70, "fields": {"goal_plan": 10, "exercise": 5, "sets": 4, "reps": 10, "duration": "", "order": 5, "notes": ""}}, {"model": "fitness.goalexercise", "pk": 71, "fields": {"goal_plan": 10, "exercise": 40, "sets": 4, "reps": 10, "duration": "", "order": 6, "notes": ""}}, {"model": "fitness.dailyprogress", "pk": 1, "fields": {"user": 2, "date": "2026-04-07", "calories_consumed": 1921, "completed": false, "notes": "Demo progress entry"}}, {"model": "fitness.dailyprogress", "pk": 2, "fields": {"user": 2, "date": "2026-04-10", "calories_consumed": 1918, "completed": true, "notes": "Demo progress entry"}}, {"model": "fitness.dailyprogress", "pk": 3, "fields": {"user": 2, "date": "2026-04-13", "calories_consumed": 1915, "completed": false, "notes": "Demo progress entry"}}, {"model": "fitness.dailyprogress", "pk": 4, "fields": {"user": 2, "date": "2026-04-16", "calories_consumed": 1912, "completed": true, "notes": "Demo progress entry"}}, {"model": "fitness.dailyprogress", "pk": 5, "fields": {"user": 2, "date": "2026-04-19", "calories_consumed": 1909, "completed": false, "notes": "Demo progress entry"}}, {"model": "fitness.dailyprogress", "pk": 6, "fields": {"user": 2, "date": "2026-04-22", "calories_consumed": 1906, "completed": true, "notes": "Demo progress entry"}}, {"model": "fitness.dailyprogress", "pk": 7, "fields": {"user": 2, "date": "2026-04-25", "calories_consumed": 1903, "completed": false, "notes": "Demo progress entry"}}, {"model": "fitness.dailyprogress", "pk": 8, "fields": {"user": 2, "date": "2026-04-28", "calories_consumed": 1900, "completed": true, "notes": "Demo progress entry"}}, {"model": "fitness.dailyprogress", "pk": 9, "fields": {"user": 3, "date": "2026-04-07", "calories_consumed": 2041, "completed": false, "notes": "Demo progress entry"}}, {"model": "fitness.dailyprogress", "pk": 10, "fields": {"user": 3, "date": "2026-04-10", "calories_consumed": 2038, "completed": true, "notes": "Demo progress entry"}}, {"model": "fitness.dailyprogress", "pk": 11, "fields": {"user": 3, "date": "2026-04-13", "calories_consumed": 2035, "completed": false, "notes": "Demo progress entry"}}, {"model": "fitness.dailyprogress", "pk": 12, "fields": {"user": 3, "date": "2026-04-16", "calories_consumed": 2032, "completed": true, "notes": "Demo progress entry"}}, {"model": "fitness.dailyprogress", "pk": 13, "fields": {"user": 3, "date": "2026-04-19", "calories_consumed": 2029, "completed": false, "notes": "Demo progress entry"}}, {"model": "fitness.dailyprogress", "pk": 14, "fields": {"user": 3, "date": "2026-04-22", "calories_consumed": 2026, "completed": true, "notes": "Demo progress entry"}}, {"model": "fitness.dailyprogress", "pk": 15, "fields": {"user": 3, "date": "2026-04-25", "calories_consumed": 2023, "completed": false, "notes": "Demo progress entry"}}, {"model": "fitness.dailyprogress", "pk": 16, "fields": {"user": 3, "date": "2026-04-28", "calories_consumed": 2020, "completed": true, "notes": "Demo progress entry"}}, {"model": "fitness.dailyprogress", "pk": 17, "fields": {"user": 4, "date": "2026-04-07", "calories_consumed": 2161, "completed": false, "notes": "Demo progress entry"}}, {"model": "fitness.dailyprogress", "pk": 18, "fields": {"user": 4, "date": "2026-04-10", "calories_consumed": 2158, "completed": true, "notes": "Demo progress entry"}}, {"model": "fitness.dailyprogress", "pk": 19, "fields": {"user": 4, "date": "2026-04-13", "calories_consumed": 2155, "completed": false, "notes": "Demo progress entry"}}, {"model": "fitness.dailyprogress", "pk": 20, "fields": {"user": 4, "date": "2026-04-16", "calories_consumed": 2152, "completed": true, "notes": "Demo progress entry"}}, {"model": "fitness.dailyprogress", "pk": 21, "fields": {"user": 4, "date": "2026-04-19", "calories_consumed": 2149, "completed": false, "notes": "Demo progress entry"}}, {"model": "fitness.dailyprogress", "pk": 22, "fields": {"user": 4, "date": "2026-04-22", "calories_consumed": 2146, "completed": true, "notes": "Demo progress entry"}}, {"model": "fitness.dailyprogress", "pk": 23, "fields": {"user": 4, "date": "2026-04-25", "calories_consumed": 2143, "completed": false, "notes": "Demo progress entry"}}, {"model": "fitness.dailyprogress", "pk": 24, "fields": {"user": 4, "date": "2026-04-28", "calories_consumed": 2140, "completed": true, "notes": "Demo progress entry"}}, {"model": "fitness.dailyprogress", "pk": 25, "fields": {"user": 5, "date": "2026-04-07", "calories_consumed": 2281, "completed": false, "notes": "Demo progress entry"}}, {"model": "fitness.dailyprogress", "pk": 26, "fields": {"user": 5, "date": "2026-04-10", "calories_consumed": 2278, "completed": true, "notes": "Demo progress entry"}}, {"model": "fitness.dailyprogress", "pk": 27, "fields": {"user": 5, "date": "2026-04-13", "calories_consumed": 2275, "completed": false, "notes": "Demo progress entry"}}, {"model": "fitness.dailyprogress", "pk": 28, "fields": {"user": 5, "date": "2026-04-16", "calories_consumed": 2272, "completed": true, "notes": "Demo progress entry"}}, {"model": "fitness.dailyprogress", "pk": 29, "fields": {"user": 5, "date": "2026-04-19", "calories_consumed": 2269, "completed": false, "notes": "Demo progress entry"}}, {"model": "fitness.dailyprogress", "pk": 30, "fields": {"user": 5, "date": "2026-04-22", "calories_consumed": 2266, "completed": true, "notes": "Demo progress entry"}}, {"model": "fitness.dailyprogress", "pk": 31, "fields": {"user": 5, "date": "2026-04-25", "calories_consumed": 2263, "completed": false, "notes": "Demo progress entry"}}, {"model": "fitness.dailyprogress", "pk": 32, "fields": {"user": 5, "date": "2026-04-28", "calories_consumed": 2260, "completed": true, "notes": "Demo progress entry"}}, {"model": "fitness.exerciselog", "pk": 65, "fields": {"user": 3, "exercise": 36, "date": "2026-04-27", "weight_kg": "20.00", "duration": "", "sets": 4, "reps": 10, "source_goal_plan": null, "notes": "", "created_at": "2026-04-29T13:07:25.014Z"}}, {"model": "fitness.exerciselog", "pk": 66, "fields": {"user": 3, "exercise": 35, "date": "2026-04-27", "weight_kg": "20.00", "duration": "", "sets": 4, "reps": 10, "source_goal_plan": null, "notes": "", "created_at": "2026-04-29T13:07:29.878Z"}}, {"model": "fitness.exerciselog", "pk": 67, "fields": {"user": 3, "exercise": 44, "date": "2026-04-27", "weight_kg": "0.00", "duration": "", "sets": 1, "reps": 1, "source_goal_plan": null, "notes": "", "created_at": "2026-04-29T13:07:33.733Z"}}, {"model": "fitness.exerciselog", "pk": 68, "fields": {"user": 3, "exercise": 12, "date": "2026-04-27", "weight_kg": "50.00", "duration": "", "sets": 4, "reps": 10, "source_goal_plan": null, "notes": "", "created_at": "2026-04-29T13:07:34.742Z"}}, {"model": "fitness.exerciselog", "pk": 69, "fields": {"user": 3, "exercise": 9, "date": "2026-04-27", "weight_kg": "70.00", "duration": "", "sets": 4, "reps": 10, "source_goal_plan": null, "notes": "", "created_at": "2026-04-29T13:07:36.129Z"}}, {"model": "fitness.exerciselog", "pk": 70, "fields": {"user": 3, "exercise": 15, "date": "2026-04-27", "weight_kg": "45.00", "duration": "", "sets": 4, "reps": 10, "source_goal_plan": null, "notes": "", "created_at": "2026-04-29T14:16:35.749Z"}}, {"model": "fitness.exerciselog", "pk": 71, "fields": {"user": 3, "exercise": 7, "date": "2026-04-27", "weight_kg": "50.00", "duration": "", "sets": 4, "reps": 10, "source_goal_plan": null, "notes": "", "created_at": "2026-04-29T14:16:35.755Z"}}, {"model": "fitness.exerciselog", "pk": 72, "fields": {"user": 3, "exercise": 6, "date": "2026-04-27", "weight_kg": "0.00", "duration": "0030", "sets": 4, "reps": 10, "source_goal_plan": null, "notes": "", "created_at": "2026-04-29T14:39:33.805Z"}}, {"model": "fitness.bodymeasurement", "pk": 1, "fields": {"user": 2, "body_part": "biceps", "custom_label": "", "value_cm": "30.00", "date": "2026-04-14", "notes": "Starting measurement"}}, {"model": "fitness.bodymeasurement", "pk": 2, "fields": {"user": 2, "body_part": "biceps", "custom_label": "", "value_cm": "31.00", "date": "2026-04-28", "notes": "Current measurement"}}, {"model": "fitness.bodymeasurement", "pk": 3, "fields": {"user": 3, "body_part": "biceps", "custom_label": "", "value_cm": "31.00", "date": "2026-04-14", "notes": "Starting measurement"}}, {"model": "fitness.bodymeasurement", "pk": 4, "fields": {"user": 3, "body_part": "biceps", "custom_label": "", "value_cm": "32.00", "date": "2026-04-28", "notes": "Current measurement"}}, {"model": "fitness.bodymeasurement", "pk": 5, "fields": {"user": 4, "body_part": "biceps", "custom_label": "", "value_cm": "32.00", "date": "2026-04-14", "notes": "Starting measurement"}}, {"model": "fitness.bodymeasurement", "pk": 6, "fields": {"user": 4, "body_part": "biceps", "custom_label": "", "value_cm": "33.00", "date": "2026-04-28", "notes": "Current measurement"}}, {"model": "fitness.bodymeasurement", "pk": 7, "fields": {"user": 5, "body_part": "biceps", "custom_label": "", "value_cm": "33.00", "date": "2026-04-14", "notes": "Starting measurement"}}, {"model": "fitness.bodymeasurement", "pk": 8, "fields": {"user": 5, "body_part": "biceps", "custom_label": "", "value_cm": "34.00", "date": "2026-04-28", "notes": "Current measurement"}}]
